143,20,4,1,5,4,6,26,2,3,31,18,8,4,11,16,5,10,14,4,1,38,3,18,4,3,19,3,1,0,31,3,10,0,6,12,2,6,0,3,25,40,11,8,0,3,2,1,2,13,1,1,1,1,1,34,9,1,7,0,0,0,3,1,36,0,2,1,1,2,3,1,0,0,12,4,3,0,0,0,3,0,0,2,3,19,4,6,13,2,0,34,1,15,5,8,6,2,33,39,2,20,33,0,2,5,17,12,11,64,19,2,4,14,1,3,1,0,1,2,8
20,58,0,4,4,4,9,12,1,1,19,13,7,1,1,3,6,3,12,0,2,11,0,0,2,2,3,1,0,0,9,0,1,1,1,8,3,1,1,1,2,4,4,3,0,0,3,4,2,6,2,3,2,0,0,11,3,1,0,0,1,3,0,3,9,0,2,0,2,0,1,1,1,2,7,1,0,3,0,1,0,0,0,1,2,1,1,3,2,0,0,14,1,11,2,4,0,0,16,19,4,2,4,2,1,1,15,2,3,19,3,0,1,5,0,7,0,0,2,1,3
4,0,14,0,0,1,1,2,1,0,0,5,1,1,2,2,0,0,2,0,0,8,1,1,0,0,1,0,0,0,5,1,0,0,0,2,0,0,1,0,3,2,0,1,0,1,1,1,0,1,0,0,0,0,1,1,1,0,0,0,0,0,1,0,4,0,0,0,0,1,0,0,0,0,0,0,0,1,0,0,0,0,0,0,0,2,0,0,0,1,0,3,0,1,0,1,0,2,2,3,0,1,1,0,0,1,1,1,0,5,1,0,3,2,0,2,2,0,1,0,0
1,4,0,23,0,3,7,14,2,0,1,3,8,4,1,2,4,4,3,0,0,0,3,2,0,0,0,2,0,0,0,0,0,1,1,6,0,2,0,5,0,2,2,1,0,1,0,0,3,2,0,0,0,0,0,1,1,0,0,0,0,0,0,0,2,0,0,0,0,0,0,0,0,0,0,0,0,0,0,1,0,0,0,1,1,1,1,0,0,0,0,0,0,0,1,3,0,0,7,13,5,1,2,3,1,3,12,0,2,2,0,1,0,0,0,1,0,0,0,0,1
5,4,0,0,89,10,8,17,1,1,10,16,4,5,3,6,6,19,8,3,2,22,3,2,2,5,3,5,3,0,8,2,1,4,1,10,14,2,0,3,12,9,35,3,0,12,14,2,0,10,10,6,0,0,0,16,4,0,1,3,5,2,8,2,16,1,1,0,0,2,2,0,0,4,5,1,0,2,0,6,1,0,0,2,5,3,0,1,2,2,0,5,3,0,2,9,0,0,11,35,11,5,3,10,5,8,25,7,1,16,11,1,0,6,0,2,0,1,5,0,13
4,4,1,3,10,93,4,21,4,13,4,26,15,0,8,15,10,13,30,1,4,24,1,4,2,8,3,5,0,3,2,2,4,4,4,14,7,5,0,1,6,9,8,6,2,5,4,0,2,2,1,2,1,0,0,30,6,1,4,4,9,1,1,5,18,1,1,1,0,0,2,1,1,3,4,1,0,0,0,14,0,1,0,3,1,2,0,0,4,1,0,7,2,0,1,12,0,0,17,30,12,6,7,0,4,6,24,6,2,12,7,2,0,18,0,2,0,1,0,0,22
6,9,1,7,8,4,92,20,1,0,12,29,26,3,6,9,5,14,17,1,5,8,6,4,0,5,3,0,0,3,5,2,5,1,2,48,2,19,7,5,7,5,10,7,1,7,3,5,1,17,2,2,1,1,0,24,5,1,1,2,0,3,3,4,21,0,1,0,1,0,0,1,2,2,4,0,0,0,0,0,0,1,0,1,1,3,2,1,3,5,0,8,1,0,5,3,5,0,19,24,9,4,5,17,3,1,17,0,0,16,9,2,0,8,0,9,1,0,0,0,9
26,12,2,14,17,21,20,219,8,12,10,77,47,5,8,18,23,39,46,2,17,64,13,10,11,5,14,7,1,0,8,1,8,5,4,26,3,17,1,4,15,18,23,15,2,9,4,5,2,28,3,13,2,0,2,99,16,1,7,8,8,2,9,4,61,2,15,0,8,0,5,2,1,3,5,2,1,4,0,11,3,1,1,7,6,6,6,2,16,1,1,20,0,1,6,14,0,0,44,98,25,9,34,21,12,15,26,7,6,36,6,10,1,20,1,3,1,1,2,0,23
2,1,1,2,1,4,1,8,31,2,0,5,6,4,6,5,2,6,4,2,0,12,5,3,0,0,0,0,0,1,0,1,5,1,2,6,1,4,0,0,1,0,4,1,0,3,1,2,0,1,1,0,0,0,0,6,0,0,0,3,0,0,3,3,4,0,1,1,0,1,1,0,2,0,0,1,0,0,0,0,0,0,0,0,1,0,0,0,3,1,0,2,3,0,0,1,0,0,11,15,1,4,8,4,1,2,6,0,0,3,3,0,0,3,1,0,0,0,1,0,0
3,1,0,0,1,13,0,12,2,45,4,9,4,0,3,16,3,5,15,0,1,0,1,0,0,5,1,2,0,0,3,0,0,0,0,11,0,5,0,2,3,2,0,2,0,2,2,1,12,6,0,1,2,0,0,1,0,0,0,0,0,0,0,12,8,0,0,4,1,0,0,0,2,0,0,0,1,0,1,10,0,0,0,1,0,4,0,1,0,0,0,2,7,0,3,6,1,0,4,10,1,1,2,0,2,12,7,1,0,8,11,1,0,19,0,0,0,1,0,1,14
31,19,0,1,10,4,12,10,0,4,144,29,2,4,18,5,8,7,12,0,2,49,4,8,2,1,1,4,0,1,61,4,12,0,0,10,2,3,15,1,17,7,2,3,2,5,2,2,2,12,3,1,0,1,0,26,12,1,12,4,4,4,4,4,50,12,2,0,1,6,0,1,0,1,17,2,0,4,1,4,2,0,0,6,6,40,3,3,1,5,0,39,3,17,1,7,6,3,35,19,7,16,11,3,1,6,10,7,3,81,13,0,18,10,0,12,9,1,3,0,14
18,13,5,3,16,26,29,77,5,9,29,283,53,3,21,23,27,48,63,6,14,94,13,14,11,15,18,6,0,5,33,3,8,3,5,28,7,32,1,3,34,36,34,16,4,20,10,8,7,35,4,8,2,0,2,84,16,2,15,7,0,1,13,4,97,2,14,3,4,2,3,1,4,5,6,4,0,5,0,2,0,2,0,7,7,21,9,3,26,6,0,39,1,4,8,23,4,0,48,120,17,13,56,12,10,24,43,15,8,70,17,6,10,15,0,4,3,1,1,3,24
8,7,1,8,4,15,26,47,6,4,2,53,151,4,11,12,20,42,24,2,7,43,14,5,12,0,14,3,0,2,1,5,4,3,5,16,3,20,0,2,12,6,17,16,3,11,7,3,3,22,3,4,1,1,1,64,9,3,4,4,0,2,13,7,42,0,6,1,3,2,3,1,0,0,0,3,0,2,1,1,1,0,0,2,1,3,0,3,14,3,0,11,0,1,3,7,2,0,34,55,18,8,42,12,9,8,26,6,2,30,4,3,0,3,0,2,1,0,1,0,6
4,1,1,4,5,0,3,5,4,0,4,3,4,34,4,1,7,3,7,1,5,7,1,1,4,3,1,2,0,0,1,2,0,0,1,5,1,2,1,6,1,3,3,0,0,3,1,0,0,5,0,1,0,0,0,7,2,1,1,1,5,2,0,2,8,0,2,0,0,0,1,0,0,0,1,1,0,0,0,3,0,0,0,1,1,1,1,0,1,1,0,1,0,0,1,0,0,2,7,15,6,4,5,1,1,5,7,0,1,5,1,1,0,1,0,4,0,0,5,0,1
11,1,2,1,3,8,6,8,6,3,18,21,11,4,70,5,4,4,15,3,3,29,3,1,1,4,6,3,0,0,15,1,10,0,1,9,3,1,16,1,4,10,1,3,2,2,5,2,0,7,1,3,0,1,0,15,3,0,3,1,0,1,2,2,12,1,0,0,0,0,1,0,0,1,2,0,0,0,0,0,2,0,0,1,4,15,1,6,1,4,0,5,0,0,0,3,2,0,17,22,3,4,7,2,1,3,19,3,0,25,0,0,0,5,0,4,0,0,2,0,3
16,3,2,2,6,15,9,18,5,16,5,23,12,1,5,84,8,10,22,1,4,16,1,9,3,5,2,3,0,2,2,0,3,1,4,12,6,11,0,1,5,4,5,8,1,2,4,2,6,5,4,4,3,0,1,10,0,0,1,3,0,0,2,4,12,1,1,0,1,2,0,0,1,3,2,4,0,3,0,8,0,1,0,6,1,5,3,0,3,1,0,4,1,1,5,9,6,0,12,18,5,3,7,4,1,8,10,9,10,12,18,3,1,21,0,0,2,1,3,0,18
5,6,0,4,6,10,5,23,2,3,8,27,20,7,4,8,107,26,18,1,1,20,7,2,7,7,10,4,1,0,1,1,4,3,0,16,3,7,0,4,16,22,9,5,1,3,10,3,0,24,1,2,0,5,1,47,6,2,10,3,6,1,5,5,36,0,3,0,0,3,3,1,0,1,1,1,0,1,0,3,0,0,0,2,2,3,0,1,1,0,1,9,3,0,1,7,2,0,15,44,21,6,19,2,8,9,27,2,0,22,3,0,0,5,0,0,2,0,2,0,9
10,3,0,4,19,13,14,39,6,5,7,48,42,3,4,10,26,130,28,3,8,35,16,0,7,8,6,3,3,0,1,2,4,4,2,18,2,7,0,0,7,15,16,21,0,8,10,6,3,14,4,6,1,1,0,59,4,0,3,5,2,0,5,2,21,1,4,1,1,0,4,0,0,1,1,4,0,0,0,2,1,0,0,2,3,3,0,1,14,2,0,6,1,1,2,7,0,0,26,53,17,7,24,11,10,14,23,2,1,18,5,5,0,1,0,1,0,1,1,0,5
14,12,2,3,8,30,17,46,4,15,12,63,24,7,15,22,18,28,197,3,11,53,3,5,7,16,8,7,1,0,13,0,4,9,9,19,10,23,1,7,25,23,19,12,4,8,8,7,3,29,5,4,2,1,1,75,16,1,6,6,7,1,10,8,70,1,7,1,0,0,3,0,0,5,7,4,1,5,0,11,0,0,0,4,6,7,0,2,10,0,0,20,1,1,4,12,0,2,21,80,20,11,33,10,16,13,43,5,1,44,9,4,1,19,1,4,2,1,1,0,26
4,0,0,0,3,1,1,2,2,0,0,6,2,1,3,1,1,3,3,25,1,4,2,0,2,1,0,0,0,0,1,1,8,1,0,0,2,2,0,0,5,4,2,0,1,0,1,3,0,12,2,1,0,0,0,10,7,0,6,2,0,1,1,0,6,2,0,0,0,0,0,0,1,1,2,0,0,0,0,0,1,0,0,1,1,1,2,3,0,3,0,0,0,0,0,2,0,0,3,8,1,0,1,0,0,0,5,4,0,10,0,0,0,0,0,0,0,0,0,0,1
1,2,0,0,2,4,5,17,0,1,2,14,7,5,3,4,1,8,11,1,44,10,2,2,1,3,1,0,0,0,0,0,1,2,0,7,2,0,0,1,3,5,4,3,1,2,3,0,1,9,0,1,1,1,1,10,6,1,1,2,1,1,3,1,14,0,0,0,0,0,0,0,1,5,2,0,0,2,0,0,2,0,0,1,0,1,3,0,7,0,0,2,0,0,0,4,0,0,3,22,2,2,7,7,3,0,6,1,2,9,1,13,0,1,0,1,0,0,1,0,2
38,11,8,0,22,24,8,64,12,0,49,94,43,7,29,16,20,35,53,4,10,254,6,9,4,13,8,8,0,0,55,4,4,1,4,25,5,15,15,6,20,38,31,15,3,23,9,10,0,31,4,1,0,1,0,93,6,3,5,1,0,0,8,2,107,13,2,0,1,4,3,1,1,0,8,1,0,5,0,0,1,1,0,7,5,42,1,1,20,1,0,45,0,0,5,19,4,0,54,83,14,8,31,11,4,8,53,4,0,98,12,3,20,8,1,4,4,0,2,0,25
3,0,1,3,3,1,6,13,5,1,4,13,14,1,3,1,7,16,3,2,2,6,41,0,2,1,2,0,1,0,0,1,3,1,0,8,0,2,0,1,1,4,2,5,0,2,2,2,1,4,1,2,0,0,0,15,2,0,1,1,1,0,1,0,10,0,0,1,0,0,0,0,0,1,0,0,0,0,0,0,1,0,0,0,6,0,2,2,2,2,1,2,1,1,0,6,0,0,11,12,6,5,8,6,5,3,5,1,0,4,0,3,0,0,0,0,0,0,2,0,1
18,0,1,2,2,4,4,10,3,0,8,14,5,1,1,9,2,0,5,0,2,9,0,49,0,2,2,0,0,0,3,1,5,1,1,5,0,2,0,1,2,4,8,1,1,1,3,2,0,2,0,0,0,0,2,9,3,0,1,0,1,0,0,2,8,0,0,1,3,1,1,0,0,1,1,0,1,0,0,1,0,0,0,1,3,2,6,1,1,0,0,7,0,7,4,1,5,0,5,11,0,5,6,1,1,2,6,14,14,15,17,1,1,16,0,0,0,2,0,0,5
4,2,0,0,2,2,0,11,0,0,2,11,12,4,1,3,7,7,7,2,1,4,2,0,38,3,3,1,0,0,2,1,0,1,0,2,1,3,0,1,3,5,4,7,4,3,0,0,0,5,0,2,2,0,0,8,2,1,0,0,0,7,1,0,10,1,0,0,1,0,1,4,0,0,5,0,0,1,0,0,0,0,0,2,1,2,0,0,5,2,0,2,0,1,0,0,0,0,10,13,4,2,5,1,2,5,12,1,0,10,0,1,1,2,0,0,1,1,0,0,1
3,2,0,0,5,8,5,5,0,5,1,15,0,3,4,5,7,8,16,1,3,13,1,2,3,60,4,0,0,4,3,0,3,0,4,6,4,2,1,3,6,3,7,1,4,5,1,2,1,6,2,2,0,2,1,12,7,2,2,0,3,4,1,6,13,3,1,0,1,1,1,4,4,1,4,5,1,0,0,4,0,0,0,2,3,5,1,3,4,1,0,4,0,0,3,4,2,0,4,23,2,5,6,0,2,14,10,1,0,17,8,1,1,6,0,2,0,0,1,2,11
19,3,1,0,3,3,3,14,0,1,1,18,14,1,6,2,10,6,8,0,1,8,2,2,3,4,64,1,0,0,17,4,3,0,1,7,0,2,1,1,23,28,4,3,0,4,2,1,0,7,2,1,0,4,0,13,3,0,6,1,0,1,0,0,8,1,1,0,1,1,3,0,0,1,1,0,0,0,0,0,1,0,0,0,3,8,0,2,16,0,0,5,0,0,1,4,0,1,11,7,1,14,35,2,1,0,6,0,1,33,0,1,0,1,0,0,1,0,2,0,1
3,1,0,2,5,5,0,7,0,2,4,6,3,2,3,3,4,3,7,0,0,8,0,0,1,0,1,33,0,0,3,0,1,3,1,5,2,4,0,4,3,10,8,3,0,0,6,0,0,5,0,1,0,0,0,12,5,0,0,0,3,0,1,1,9,0,0,0,0,0,0,0,0,2,0,2,0,0,0,0,1,1,0,0,0,2,0,0,0,0,0,2,3,0,0,1,1,0,4,10,1,2,1,1,2,3,10,1,0,5,4,0,0,4,0,0,1,0,1,1,5
1,0,0,0,3,0,0,1,0,0,0,0,0,0,0,0,1,3,1,0,0,0,1,0,0,0,0,0,6,0,0,0,0,0,0,0,1,0,0,0,1,0,0,3,0,2,0,3,0,1,1,0,0,0,0,5,0,0,0,0,0,0,0,0,0,0,0,0,0,0,0,0,0,0,0,0,0,0,0,0,0,0,0,0,0,0,0,0,0,0,1,0,1,0,0,0,0,0,1,1,3,0,0,1,3,1,0,0,0,0,0,1,0,0,1,0,0,0,0,0,0
0,0,0,0,0,3,3,0,1,0,1,5,2,0,0,2,0,0,0,0,0,0,0,0,0,4,0,0,0,9,0,0,2,0,0,0,0,4,0,1,0,0,0,0,0,0,0,0,0,0,0,0,0,1,0,0,0,0,0,1,0,0,0,0,1,0,0,0,1,0,0,0,4,0,0,0,0,0,0,0,0,0,0,0,0,0,0,0,0,0,0,0,0,0,3,1,2,0,3,4,0,1,0,0,0,3,3,0,1,1,0,0,0,0,0,0,0,0,2,3,0
31,9,5,0,8,2,5,8,0,3,61,33,1,1,15,2,1,1,13,1,0,55,0,3,2,3,17,3,0,0,126,4,5,0,0,8,3,3,13,2,28,30,2,1,2,6,1,2,0,6,1,0,1,1,0,21,8,1,7,5,0,1,1,0,41,9,0,0,1,4,2,0,0,0,3,0,0,2,1,1,1,0,0,6,4,35,0,1,14,1,0,37,1,7,0,4,6,2,32,22,0,19,26,0,1,5,7,3,0,83,6,0,18,4,0,5,11,0,1,0,10
3,0,1,0,2,2,2,1,1,0,4,3,5,2,1,0,1,2,0,1,0,4,1,1,1,0,4,0,0,0,4,22,1,0,0,2,1,2,1,1,8,3,3,2,0,1,4,0,0,4,0,0,0,0,0,4,1,0,6,0,0,0,0,0,4,3,0,0,0,0,0,0,0,0,1,0,0,0,0,0,2,0,0,1,0,4,0,0,4,1,0,0,0,0,0,1,0,3,4,3,0,4,5,0,0,1,7,1,0,9,0,0,1,1,0,2,0,0,0,0,2
10,1,0,0,1,4,5,8,5,0,12,8,4,0,10,3,4,4,4,8,1,4,3,5,0,3,3,1,0,2,5,1,58,1,3,2,0,10,5,3,4,13,6,4,2,3,3,1,0,21,1,0,0,3,2,14,5,0,13,0,0,1,1,1,8,3,0,0,2,0,0,0,1,1,2,1,0,1,0,0,2,0,0,5,3,2,2,5,3,8,0,6,0,0,2,5,3,0,7,14,3,6,1,0,0,1,16,8,0,21,4,1,1,4,0,3,4,0,4,1,1
0,1,0,1,4,4,1,5,1,0,0,3,3,0,0,1,3,4,9,1,2,1,1,1,1,0,0,3,0,0,0,0,1,21,3,2,0,2,0,1,5,3,5,2,0,0,0,0,0,1,0,1,0,0,1,8,0,1,0,1,4,0,0,0,2,0,0,0,0,0,1,2,0,2,1,2,0,0,0,0,0,0,0,0,2,1,0,0,0,0,0,4,0,1,0,0,0,0,2,9,3,0,1,0,2,1,6,1,0,2,3,2,0,0,0,3,0,0,0,0,3
6,1,0,1,1,4,2,4,2,0,0,5,5,1,1,4,0,2,9,0,0,4,0,1,0,4,1,1,0,0,0,0,3,3,27,5,3,7,0,1,1,1,3,5,0,3,0,0,1,0,0,0,0,0,1,8,0,0,0,1,0,0,2,3,5,1,1,0,1,1,0,0,0,0,0,5,2,0,0,0,0,0,0,1,0,2,0,0,2,0,0,2,0,1,1,2,1,0,3,10,0,3,0,4,2,2,6,1,3,2,11,0,0,2,0,1,0,0,1,0,0
12,8,2,6,10,14,48,26,6,11,10,28,16,5,9,12,16,18,19,0,7,25,8,5,2,6,7,5,0,0,8,2,2,2,5,123,2,15,3,6,10,13,14,8,2,6,4,4,8,15,3,2,2,0,1,29,3,1,2,1,2,1,3,14,21,0,6,4,1,1,2,2,2,5,4,1,1,2,1,2,0,0,1,2,6,2,0,0,7,3,0,7,4,0,3,8,3,0,21,41,8,5,8,11,10,14,25,1,1,12,17,5,0,15,1,8,1,1,2,2,17
2,3,0,0,14,7,2,3,1,0,2,7,3,1,3,6,3,2,10,2,2,5,0,0,1,4,0,2,1,0,3,1,0,0,3,2,37,0,0,1,5,3,11,3,1,1,11,0,0,1,14,0,0,0,1,4,0,1,1,1,0,0,4,1,5,2,0,0,1,1,3,0,1,4,2,0,0,2,0,0,0,0,0,1,1,3,1,0,1,1,0,0,2,1,1,4,0,0,7,11,4,0,1,0,3,1,13,7,0,5,1,0,0,4,3,1,0,0,1,0,1
6,1,0,2,2,5,19,17,4,5,3,32,20,2,1,11,7,7,23,2,0,15,2,2,3,2,2,4,0,4,3,2,10,2,7,15,0,93,2,2,9,11,16,5,0,6,6,1,2,16,2,2,1,1,1,38,6,0,4,4,1,1,4,9,21,0,9,6,3,2,2,2,1,0,1,3,0,1,0,0,0,0,0,1,4,5,1,0,1,2,0,3,1,0,5,8,3,0,14,42,5,6,9,6,5,10,35,2,3,12,8,0,0,7,0,1,0,1,2,1,5
0,1,1,0,0,0,7,1,0,0,15,1,0,1,16,0,0,0,1,0,0,15,0,0,0,1,1,0,0,0,13,1,5,0,0,3,0,2,26,4,2,2,0,1,0,0,0,0,0,2,0,0,0,0,0,2,0,0,2,0,0,0,0,0,5,0,0,0,0,2,0,0,0,0,4,0,0,0,0,0,1,0,0,1,0,12,0,1,0,4,0,2,0,0,1,0,3,0,12,2,0,0,0,0,0,2,4,1,0,13,0,0,0,5,0,5,0,0,1,0,1
3,1,0,5,3,1,5,4,0,2,1,3,2,6,1,1,4,0,7,0,1,6,1,1,1,3,1,4,0,1,2,1,3,1,1,6,1,2,4,26,2,3,1,1,0,0,0,0,1,0,0,0,0,0,0,3,0,0,0,0,3,0,0,0,4,0,0,0,1,0,0,0,0,0,0,0,0,0,1,2,1,0,0,0,1,1,0,0,0,1,0,0,0,0,4,3,3,0,7,13,4,0,2,1,0,5,13,1,0,6,1,0,0,0,0,1,0,0,2,0,1
25,2,3,0,12,6,7,15,1,3,17,34,12,1,4,5,16,7,25,5,3,20,1,2,3,6,23,3,1,0,28,8,4,5,1,10,5,9,2,2,137,47,7,4,0,7,7,11,0,29,2,0,0,7,2,46,22,0,16,2,2,1,1,1,33,6,2,1,1,3,2,2,0,3,3,2,0,2,0,0,8,0,1,7,9,24,0,5,12,2,1,11,1,2,3,10,0,1,17,48,7,11,50,3,7,1,21,3,0,55,5,0,1,3,0,4,3,0,3,0,10
40,4,2,2,9,9,5,18,0,2,7,36,6,3,10,4,22,15,23,4,5,38,4,4,5,3,28,10,0,0,30,3,13,3,1,13,3,11,2,3,47,159,12,5,0,8,13,13,1,35,4,3,2,5,3,55,28,3,20,3,1,0,5,1,51,6,4,0,4,4,4,2,0,3,3,0,0,1,0,1,4,0,0,4,4,18,0,7,22,1,0,13,1,0,0,15,3,0,21,57,4,15,54,0,4,5,27,2,1,59,6,1,1,3,0,3,2,0,1,0,5
11,4,0,2,35,8,10,23,4,0,2,34,17,3,1,5,9,16,19,2,4,31,2,8,4,7,4,8,0,0,2,3,6,5,3,14,11,16,0,1,7,12,108,6,0,13,20,3,0,13,6,3,0,1,1,39,7,1,6,2,3,1,7,1,22,0,2,0,1,0,8,0,0,5,2,2,0,2,0,2,2,0,0,1,4,2,0,0,11,1,0,7,1,0,2,6,1,0,16,43,6,2,12,6,3,7,29,7,2,24,8,0,2,5,1,3,0,0,1,0,9
8,3,1,1,3,6,7,15,1,2,3,16,16,0,3,8,5,21,12,0,3,15,5,1,7,1,3,3,3,0,1,2,4,2,5,8,3,5,1,1,4,5,6,62,1,8,4,1,1,4,2,2,1,0,1,17,1,1,2,2,0,0,3,4,16,1,4,3,0,1,0,0,0,1,1,4,0,1,0,0,0,0,0,0,2,2,0,1,3,2,0,6,1,0,2,6,0,0,12,20,15,2,6,5,8,4,11,0,0,11,3,1,0,2,1,0,0,1,0,0,1
0,0,0,0,0,2,1,2,0,0,2,4,3,0,2,1,1,0,4,1,1,3,0,1,4,4,0,0,0,0,2,0,2,0,0,2,1,0,0,0,0,0,0,1,16,0,1,1,0,0,1,0,0,2,0,4,1,0,1,0,1,6,0,1,1,0,0,2,0,0,0,4,0,0,4,0,0,1,0,0,0,0,0,2,0,1,0,2,0,0,0,0,0,0,0,2,0,0,3,7,2,1,1,0,0,1,3,1,0,3,0,0,1,2,0,1,0,0,2,0,2
3,0,1,1,12,5,7,9,3,2,5,20,11,3,2,2,3,8,8,0,2,23,2,1,3,5,4,0,2,0,6,1,3,0,3,6,1,6,0,0,7,8,13,8,0,66,4,2,3,4,3,5,2,1,1,31,5,3,3,3,0,1,1,2,12,0,3,0,1,0,2,1,0,1,0,2,0,0,0,0,0,0,0,4,6,3,2,0,8,0,1,4,1,0,1,3,0,0,10,19,7,2,7,4,6,9,8,2,0,22,10,1,0,5,0,5,1,1,2,0,3
2,3,1,0,14,4,3,4,1,2,2,10,7,1,5,4,10,10,8,1,3,9,2,3,0,1,2,6,0,0,1,4,3,0,0,4,11,6,0,0,7,13,20,4,1,4,58,1,1,16,11,4,0,0,0,24,3,1,8,0,0,1,4,1,12,0,0,0,0,5,2,0,0,3,2,0,0,2,0,0,1,0,0,1,3,2,0,1,1,1,0,1,1,0,1,1,1,0,5,19,3,2,4,1,3,3,26,5,0,11,0,0,0,4,1,1,0,1,1,0,4
1,4,1,0,2,0,5,5,2,1,2,8,3,0,2,2,3,6,7,3,0,10,2,2,0,2,1,0,3,0,2,0,1,0,0,4,0,1,0,0,11,13,3,1,1,2,1,53,0,10,1,0,10,0,3,11,11,11,6,10,0,2,3,0,13,5,1,0,2,1,1,0,1,4,2,1,0,1,0,1,4,0,0,5,2,4,1,1,2,0,1,1,0,0,2,6,11,1,11,30,4,2,4,0,6,5,3,2,0,9,1,1,2,9,0,4,2,1,0,0,6
2,2,0,3,0,2,1,2,0,12,2,7,3,0,0,6,0,3,3,0,1,0,1,0,0,1,0,0,0,0,0,0,0,0,1,8,0,2,0,1,0,1,0,1,0,3,1,0,24,3,0,0,1,0,0,1,1,0,0,0,0,0,0,8,5,0,6,4,2,0,0,1,0,0,0,0,0,0,0,3,0,0,0,0,1,0,0,0,0,0,0,1,0,0,3,2,0,0,3,11,6,0,0,0,1,11,4,1,1,1,6,1,0,5,0,1,0,0,1,0,4
13,6,1,2,10,2,17,28,1,6,12,35,22,5,7,5,24,14,29,12,9,31,4,2,5,6,7,5,1,0,6,4,21,1,0,15,1,16,2,0,29,35,13,4,0,4,16,10,3,156,3,5,1,1,5,92,26,1,15,4,1,2,7,2,61,3,5,1,6,2,1,2,0,5,5,2,0,5,0,1,5,0,0,3,7,11,3,6,6,3,0,17,0,1,5,11,2,1,12,64,14,3,21,7,7,9,32,5,0,36,2,3,0,8,0,4,1,1,3,0,14
1,2,0,0,10,1,2,3,1,0,3,4,3,0,1,4,1,4,5,2,0,4,1,0,0,2,2,0,1,0,1,0,1,0,0,3,14,2,0,0,2,4,6,2,1,3,11,1,0,3,27,2,0,0,2,2,2,1,2,1,0,0,4,0,1,2,0,0,0,1,1,0,2,2,1,0,0,2,0,0,0,0,0,1,2,0,1,0,0,1,0,1,3,0,0,2,0,1,3,6,2,1,1,0,0,0,10,5,0,1,0,0,1,1,2,3,0,1,1,0,0
1,3,0,0,6,2,2,13,0,1,1,8,4,1,3,4,2,6,4,1,1,1,2,0,2,2,1,1,0,0,0,0,0,1,0,2,0,2,0,0,0,3,3,2,0,5,4,0,0,5,2,32,0,0,1,16,1,0,0,1,1,0,3,1,11,0,0,0,3,1,1,1,0,1,4,0,1,0,0,2,0,0,0,4,5,1,2,0,2,1,0,1,0,0,0,2,0,0,4,11,0,0,3,4,2,4,8,1,0,3,0,0,0,5,0,6,0,1,1,0,3
1,2,0,0,0,1,1,2,0,2,0,2,1,0,0,3,0,1,2,0,1,0,0,0,2,0,0,0,0,0,1,0,0,0,0,2,0,1,0,0,0,2,0,1,0,2,0,10,1,1,0,0,18,0,0,1,1,9,0,10,0,1,0,0,2,0,1,0,1,0,0,0,0,2,0,0,0,0,0,1,0,0,0,1,0,1,0,0,1,0,0,1,0,0,0,1,9,0,6,11,0,0,1,0,0,4,1,1,0,3,0,0,1,10,0,1,0,0,0,0,2
1,0,0,0,0,0,1,0,0,0,1,0,1,0,1,0,5,1,1,0,1,1,0,0,0,2,4,0,0,1,1,0,3,0,0,0,0,1,0,0,7,5,1,0,2,1,0,0,0,1,0,0,0,12,0,0,1,0,4,0,0,1,0,0,1,1,0,0,1,0,0,0,0,0,0,0,0,0,0,0,1,0,0,2,0,0,0,1,0,0,0,0,0,0,2,1,0,0,1,2,0,4,6,0,0,0,0,1,1,8,0,0,1,0,0,1,0,0,0,0,0
1,0,1,0,0,0,0,2,0,0,0,2,1,0,0,1,1,0,1,0,1,0,0,2,0,1,0,0,0,0,0,0,2,1,1,1,1,1,0,0,2,3,1,1,0,1,0,3,0,5,2,1,0,0,14,3,4,2,1,0,0,0,0,0,1,0,0,0,4,2,1,0,2,6,0,0,0,0,0,1,0,0,0,1,0,0,1,3,0,0,0,0,1,1,1,1,0,1,1,8,0,0,0,0,0,2,0,0,0,1,1,1,1,3,1,1,1,0,0,0,0
34,11,1,1,16,30,24,99,6,1,26,84,64,7,15,10,47,59,75,10,10,93,15,9,8,12,13,12,5,0,21,4,14,8,8,29,4,38,2,3,46,55,39,17,4,31,24,11,1,92,2,16,1,0,3,331,33,8,21,9,3,4,20,11,143,3,18,3,4,6,6,4,0,9,10,4,0,7,1,1,7,0,0,5,17,18,1,2,23,1,2,44,2,1,4,25,4,0,41,151,32,12,59,15,20,23,71,10,1,68,8,4,2,11,0,3,1,3,6,0,22
9,3,1,1,4,6,5,16,0,0,12,16,9,2,3,0,6,4,16,7,6,6,2,3,2,7,3,5,0,0,8,1,5,0,0,3,0,6,0,0,22,28,7,1,1,5,3,11,1,26,2,1,1,1,4,33,80,3,8,1,1,1,1,3,32,4,2,0,4,0,1,1,2,2,4,0,0,2,0,1,4,0,1,4,1,7,3,4,4,0,0,5,1,0,3,7,3,1,4,39,1,2,7,1,3,6,5,6,0,15,2,6,1,9,0,2,1,0,1,0,4
1,1,0,0,0,1,1,1,0,0,1,2,3,1,0,0,2,0,1,0,1,3,0,0,1,2,0,0,0,0,1,0,0,1,0,1,1,0,0,0,0,3,1,1,0,3,1,11,0,1,1,0,9,0,2,8,3,23,0,8,0,2,2,3,4,1,3,0,0,0,0,0,0,2,1,0,0,0,0,1,1,0,0,1,2,1,0,0,0,0,0,0,1,0,0,3,10,0,5,16,0,0,1,0,2,2,1,1,0,4,1,0,0,10,0,0,0,1,0,0,1
7,0,0,0,1,4,1,7,0,0,12,15,4,1,3,1,10,3,6,6,1,5,1,1,0,2,6,0,0,0,7,6,13,0,0,2,1,4,2,0,16,20,6,2,1,3,8,6,0,15,2,0,0,4,1,21,8,0,58,0,0,1,2,0,21,7,1,0,0,3,1,0,1,0,3,0,0,2,0,1,5,0,0,2,1,8,1,0,1,3,0,3,0,0,0,3,0,2,3,17,1,2,9,0,2,2,14,5,0,18,2,0,3,2,1,1,0,0,1,0,6
0,0,0,0,3,4,2,8,3,0,4,7,4,1,1,3,3,5,6,2,2,1,1,0,0,0,1,0,0,1,5,0,0,1,1,1,1,4,0,0,2,3,2,2,0,3,0,10,0,4,1,1,10,0,0,9,1,8,0,33,0,0,5,0,10,0,1,0,0,4,0,0,0,1,0,0,0,0,0,0,0,0,0,1,0,5,0,1,2,0,0,1,0,1,0,4,8,0,8,12,1,3,2,1,3,1,0,1,0,6,0,0,4,9,0,0,4,0,0,0,1
0,1,0,0,5,9,0,8,0,0,4,0,0,5,0,0,6,2,7,0,1,0,1,1,0,3,0,3,0,0,0,0,0,4,0,2,0,1,0,3,2,1,3,0,1,0,0,0,0,1,0,1,0,0,0,3,1,0,0,0,27,5,1,3,4,0,0,2,1,0,0,1,1,1,2,0,1,1,0,13,0,0,0,1,1,1,0,0,0,0,0,1,0,0,0,5,0,0,1,7,15,0,0,0,1,4,7,0,0,2,0,1,0,5,0,1,1,1,8,0,11
0,3,0,0,2,1,3,2,0,0,4,1,2,2,1,0,1,0,1,1,1,0,0,0,7,4,1,0,0,0,1,0,1,0,0,1,0,1,0,0,1,0,1,0,6,1,1,2,0,2,0,0,1,1,0,4,1,2,1,0,5,19,0,0,0,0,0,0,2,0,0,4,1,3,4,0,0,1,1,2,0,1,0,0,1,0,0,2,0,0,0,0,0,0,0,3,1,1,3,5,5,0,0,0,1,4,2,1,0,6,0,0,0,1,0,2,0,0,4,0,2
3,0,1,0,8,1,3,9,3,0,4,13,13,0,2,2,5,5,10,1,3,8,1,0,1,1,0,1,0,0,1,0,1,0,2,3,4,4,0,0,1,5,7,3,0,1,4,3,0,7,4,3,0,0,0,20,1,2,2,5,1,0,39,0,15,1,3,0,1,0,0,0,0,2,0,2,1,2,0,1,0,0,0,1,1,0,0,0,0,2,0,3,0,1,0,1,0,0,1,14,4,1,7,1,4,2,7,3,0,3,0,1,0,3,0,1,0,1,0,0,1
1,3,0,0,2,5,4,4,3,12,4,4,7,2,2,4,5,2,8,0,1,2,0,2,0,6,0,1,0,0,0,0,1,0,3,14,1,9,0,0,1,1,1,4,1,2,1,0,8,2,0,1,0,0,0,11,3,3,0,0,3,0,0,46,8,0,16,14,1,1,0,3,2,0,2,1,1,0,0,4,0,0,0,0,5,1,0,0,2,1,0,2,8,0,0,4,2,0,0,25,8,0,1,3,3,5,5,0,0,4,14,1,0,11,0,0,0,0,1,1,8
36,9,4,2,16,18,21,61,4,8,50,97,42,8,12,12,36,21,70,6,14,107,10,8,10,13,8,9,0,1,41,4,8,2,5,21,5,21,5,4,33,51,22,16,1,12,12,13,5,61,1,11,2,1,1,143,32,4,21,10,4,0,15,8,285,17,13,3,2,2,3,4,1,4,11,2,1,5,0,3,7,0,0,4,15,27,3,4,17,3,0,55,2,4,5,18,4,0,32,92,17,8,50,10,13,10,53,5,2,90,9,3,19,10,1,4,1,2,2,0,15
0,0,0,0,1,1,0,2,0,0,12,2,0,0,1,1,0,1,1,2,0,13,0,0,1,3,1,0,0,0,9,3,3,0,1,0,2,0,0,0,6,6,0,1,0,0,0,5,0,3,2,0,0,1,0,3,4,1,7,0,0,0,1,0,17,29,0,0,0,0,0,0,0,0,2,0,0,0,0,0,1,0,0,2,0,13,2,0,2,0,0,4,0,1,0,1,0,2,4,3,2,3,4,0,0,1,2,3,0,18,1,0,8,1,0,1,1,0,2,0,2
2,2,0,0,1,1,1,15,1,0,2,14,6,2,0,1,3,4,7,0,0,2,0,0,0,1,1,0,0,0,0,0,0,0,1,6,0,9,0,0,2,4,2,4,0,3,0,1,6,5,0,0,1,0,0,18,2,3,1,1,0,0,3,16,13,0,38,8,3,0,0,0,0,1,0,0,0,1,0,3,0,0,0,0,4,1,0,0,1,1,0,3,0,0,1,6,0,0,5,25,9,0,1,0,5,5,4,2,0,2,3,0,0,1,0,1,0,0,1,0,2
1,0,0,0,0,1,0,0,1,4,0,3,1,0,0,0,0,1,1,0,0,0,1,1,0,0,0,0,0,0,0,0,0,0,0,4,0,6,0,0,1,0,0,3,2,0,0,0,4,1,0,0,0,0,0,3,0,0,0,0,2,0,0,14,3,0,8,17,1,0,0,3,1,0,0,0,1,0,0,1,0,0,0,0,3,0,0,0,0,1,0,1,2,0,0,2,0,0,0,9,7,0,0,0,2,1,3,0,0,0,6,0,0,3,0,0,0,0,1,1,4
1,2,0,0,0,0,1,8,0,1,1,4,3,0,0,1,0,1,0,0,0,1,0,3,1,1,1,0,0,1,1,0,2,0,1,1,1,3,0,1,1,4,1,0,0,1,0,2,2,6,0,3,1,1,4,4,4,0,0,0,1,2,1,1,2,0,3,1,21,0,0,0,0,4,0,0,2,0,0,4,0,0,0,2,0,1,0,4,0,0,0,0,0,0,4,4,0,0,5,9,2,0,2,1,1,2,1,2,3,3,1,0,0,1,0,0,0,0,2,0,1
2,0,1,0,2,0,0,0,1,0,6,2,2,0,0,2,3,0,0,0,0,4,0,1,0,1,1,0,0,0,4,0,0,0,1,1,1,2,2,0,3,4,0,1,0,0,5,1,0,2,1,1,0,0,2,6,0,0,3,4,0,0,0,1,2,0,0,0,0,18,0,0,0,0,2,1,0,0,0,0,1,0,0,0,0,7,0,0,0,0,0,1,1,1,0,1,1,0,1,10,0,0,0,0,0,2,2,1,0,5,0,0,4,2,1,1,4,0,1,0,1
3,1,0,0,2,2,0,5,1,0,0,3,3,1,1,0,3,4,3,0,0,3,0,1,1,1,3,0,0,0,2,0,0,1,0,2,3,2,0,0,2,4,8,0,0,2,2,1,0,1,1,1,0,0,1,6,1,0,1,0,0,0,0,0,3,0,0,0,0,0,17,0,0,2,0,0,0,0,0,1,1,0,0,0,0,0,0,0,2,0,0,2,0,0,0,0,0,0,4,7,0,1,6,0,0,0,1,0,0,4,0,0,0,2,1,0,0,0,0,0,0
1,1,0,0,0,1,1,2,0,0,1,1,1,0,0,0,1,0,0,0,0,1,0,0,4,4,0,0,0,0,0,0,0,2,0,2,0,2,0,0,2,2,0,0,4,1,0,0,1,2,0,1,0,0,0,4,1,0,0,0,1,4,0,3,4,0,0,3,0,0,0,14,0,0,4,0,0,0,0,0,0,0,0,0,0,0,0,0,1,0,0,3,1,1,0,0,1,0,1,3,3,0,1,0,1,1,1,0,0,8,1,0,0,1,0,1,0,0,1,1,5
0,1,0,0,0,1,2,1,2,2,0,4,0,0,0,1,0,0,0,1,1,1,0,0,0,4,0,0,0,4,0,0,1,0,0,2,1,1,0,0,0,0,0,0,0,0,0,1,0,0,2,0,0,0,2,0,2,0,1,0,1,1,0,2,1,0,0,1,0,0,0,0,11,0,0,0,0,0,0,1,0,0,0,0,0,0,1,0,0,0,0,0,2,0,1,1,2,1,1,3,0,0,0,0,1,2,3,0,0,0,3,1,1,3,0,2,0,0,1,3,0
0,2,0,0,4,3,2,3,0,0,1,5,0,0,1,3,1,1,5,1,5,0,1,1,0,1,1,2,0,0,0,0,1,2,0,5,4,0,0,0,3,3,5,1,0,1,3,4,0,5,2,1,2,0,6,9,2,2,0,1,1,3,2,0,4,0,1,0,4,0,2,0,0,27,0,0,0,3,1,2,0,1,0,1,2,2,2,3,1,0,0,0,1,1,1,3,1,1,2,11,2,1,1,0,2,2,4,0,0,4,1,0,0,3,1,1,1,1,1,0,3
12,7,0,0,5,4,4,5,0,0,17,6,0,1,2,2,1,1,7,2,2,8,0,1,5,4,1,0,0,0,3,1,2,1,0,4,2,1,4,0,3,3,2,1,4,0,2,2,0,5,1,4,0,0,0,10,4,1,3,0,2,4,0,2,11,2,0,0,0,2,0,4,0,0,47,2,0,0,0,0,5,0,0,4,3,9,0,1,1,1,0,9,0,6,3,7,1,0,12,5,3,2,2,0,4,4,3,3,0,20,0,2,6,10,0,4,0,1,1,0,8
4,1,0,0,1,1,0,2,1,0,2,4,3,1,0,4,1,4,4,0,0,1,0,0,0,5,0,2,0,0,0,0,1,2,5,1,0,3,0,0,2,0,2,4,0,2,0,1,0,2,0,0,0,0,0,4,0,0,0,0,0,0,2,1,2,0,0,0,0,1,0,0,0,0,2,18,2,0,0,0,1,0,0,0,0,2,0,0,0,0,0,4,0,0,0,3,2,0,2,5,0,0,0,1,3,5,3,1,0,2,7,0,0,3,0,0,0,0,1,0,1
3,0,0,0,0,0,0,1,0,1,0,0,0,0,0,0,0,0,1,0,0,0,0,1,0,1,0,0,0,0,0,0,0,0,2,1,0,0,0,0,0,0,0,0,0,0,0,0,0,0,0,1,0,0,0,0,0,0,0,0,1,0,1,1,1,0,0,1,2,0,0,0,0,0,0,2,5,0,0,1,0,0,0,0,0,1,0,0,0,0,0,0,0,0,1,0,1,0,0,0,0,0,0,0,0,2,0,1,1,0,3,0,0,1,0,0,0,0,0,0,2
0,3,1,0,2,0,0,4,0,0,4,5,2,0,0,3,1,0,5,0,2,5,0,0,1,0,0,0,0,0,2,0,1,0,0,2,2,1,0,0,2,1,2,1,1,0,2,1,0,5,2,0,0,0,0,7,2,0,2,0,1,1,2,0,5,0,1,0,0,0,0,0,0,3,0,0,0,18,0,1,1,0,0,3,0,0,0,0,1,0,0,0,0,0,0,2,1,0,2,8,1,1,4,0,0,0,4,2,0,3,1,0,0,1,0,0,0,0,1,0,2
0,0,0,0,0,0,0,0,0,1,1,0,1,0,0,0,0,0,0,0,0,0,0,0,0,0,0,0,0,0,1,0,0,0,0,1,0,0,0,1,0,0,0,0,0,0,0,0,0,0,0,0,0,0,0,1,0,0,0,0,0,1,0,0,0,0,0,0,0,0,0,0,0,1,0,0,0,0,3,1,1,1,0,0,0,0,0,1,0,0,0,0,0,0,0,0,2,1,0,0,0,0,0,0,1,0,1,1,0,1,0,0,0,0,0,0,0,0,0,0,1
0,1,0,1,6,14,0,11,0,10,4,2,1,3,0,8,3,2,11,0,0,0,0,1,0,4,0,0,0,0,1,0,0,0,0,2,0,0,0,2,0,1,2,0,0,0,0,1,3,1,0,2,1,0,1,1,1,1,1,0,13,2,1,4,3,0,3,1,4,0,1,0,1,2,0,0,1,1,1,33,0,0,0,3,2,0,2,0,0,0,0,0,0,0,0,10,1,0,2,8,13,0,2,0,1,0,3,0,0,2,0,0,0,14,0,0,0,1,6,0,20
3,0,0,0,1,0,0,3,0,0,2,0,1,0,2,0,0,1,0,1,2,1,1,0,0,0,1,1,0,0,1,2,2,0,0,0,0,0,1,1,8,4,2,0,0,0,1,4,0,5,0,0,0,1,0,7,4,1,5,0,0,0,0,0,7,1,0,0,0,1,1,0,0,0,5,1,0,1,1,0,17,0,0,2,2,0,0,0,0,0,0,1,0,0,0,2,1,0,0,4,1,0,1,0,2,0,3,1,0,5,0,0,3,0,0,0,0,0,2,0,2
0,0,0,0,0,1,1,1,0,0,0,2,0,0,0,1,0,0,0,0,0,1,0,0,0,0,0,1,0,0,0,0,0,0,0,0,0,0,0,0,0,0,0,0,0,0,0,0,0,0,0,0,0,0,0,0,0,0,0,0,0,1,0,0,0,0,0,0,0,0,0,0,0,1,0,0,0,0,1,0,0,3,0,1,0,0,1,1,0,0,0,0,0,0,0,0,0,1,1,0,0,0,0,0,1,0,0,0,0,2,0,0,0,0,0,0,1,0,0,0,1
0,0,0,0,0,0,0,1,0,0,0,0,0,0,0,0,0,0,0,0,0,0,0,0,0,0,0,0,0,0,0,0,0,0,0,1,0,0,0,0,1,0,0,0,0,0,0,0,0,0,0,0,0,0,0,0,1,0,0,0,0,0,0,0,0,0,0,0,0,0,0,0,0,0,0,0,0,0,0,0,0,0,1,1,0,0,0,0,0,0,0,0,0,0,0,0,0,0,0,0,0,0,0,0,0,0,0,1,0,0,0,0,0,1,0,0,0,0,0,0,0
2,1,0,1,2,3,1,7,0,1,6,7,2,1,1,6,2,2,4,1,1,7,0,1,2,2,0,0,0,0,6,1,5,0,1,2,1,1,1,0,7,4,1,0,2,4,1,5,0,3,1,4,1,2,1,5,4,1,2,1,1,0,1,0,4,2,0,0,2,0,0,0,0,1,4,0,0,3,0,3,2,1,1,42,4,2,10,1,0,1,0,5,0,2,1,6,2,0,2,12,4,5,3,1,2,3,4,9,6,11,0,0,2,14,0,5,6,0,2,1,13
3,2,0,1,5,1,1,6,1,0,6,7,1,1,4,1,2,3,6,1,0,5,6,3,1,3,3,0,0,0,4,0,3,2,0,6,1,4,0,1,9,4,4,2,0,6,3,2,1,7,2,5,0,0,0,17,1,2,1,0,1,1,1,5,15,0,4,3,0,0,0,0,0,2,3,0,0,0,0,2,2,0,0,4,45,4,3,1,3,0,0,4,0,2,1,7,0,0,8,14,4,2,4,0,4,4,8,3,1,11,2,1,0,3,0,5,1,0,2,0,10
19,1,2,1,3,2,3,6,0,4,40,21,3,1,15,5,3,3,7,1,1,42,0,2,2,5,8,2,0,0,35,4,2,1,2,2,3,5,12,1,24,18,2,2,1,3,2,4,0,11,0,1,1,0,0,18,7,1,8,5,1,0,0,1,27,13,1,0,1,7,0,0,0,2,9,2,1,0,0,0,0,0,0,2,4,93,0,1,0,0,0,0,0,0,0,9,0,3,16,25,0,4,18,1,0,6,13,7,1,55,4,0,12,4,1,5,6,1,1,0,10
4,1,0,1,0,0,2,6,0,0,3,9,0,1,1,3,0,0,0,2,3,1,2,6,0,1,0,0,0,0,0,0,2,0,0,0,1,1,0,0,0,0,0,0,0,2,0,1,0,3,1,2,0,0,1,1,3,0,1,0,0,0,0,0,3,2,0,0,0,0,0,0,1,2,0,0,0,0,0,2,0,1,0,10,3,0,23,0,0,0,0,1,0,1,0,6,0,0,1,4,1,0,1,1,0,1,0,11,10,5,1,1,0,11,0,3,1,1,2,1,8
6,3,0,0,1,0,1,2,0,1,3,3,3,0,6,0,1,1,2,3,0,1,2,1,0,3,2,0,0,0,1,0,5,0,0,0,0,0,1,0,5,7,0,1,2,0,1,1,0,6,0,0,0,1,3,2,4,0,0,1,0,2,0,0,4,0,0,0,4,0,0,0,0,3,1,0,0,0,1,0,0,1,0,1,1,1,0,21,1,1,0,1,0,0,0,4,0,1,3,7,0,1,2,0,1,1,4,1,0,10,1,0,0,2,0,1,0,0,0,0,0
13,2,0,0,2,4,3,16,3,0,1,26,14,1,1,3,1,14,10,0,7,20,2,1,5,4,16,0,0,0,14,4,3,0,2,7,1,1,0,0,12,22,11,3,0,8,1,2,0,6,0,2,1,0,0,23,4,0,1,2,0,0,0,2,17,2,1,0,0,0,2,1,0,1,1,0,0,1,0,0,0,0,0,0,3,0,0,1,71,0,0,0,0,0,0,4,0,0,14,27,1,16,34,8,4,7,14,1,1,27,2,0,0,2,0,1,2,0,0,0,1
2,0,1,0,2,1,5,1,1,0,5,6,3,1,4,1,0,2,0,3,0,1,2,0,2,1,0,0,0,0,1,1,8,0,0,3,1,2,4,1,2,1,1,2,0,0,1,0,0,3,1,1,0,0,0,1,0,0,3,0,0,0,2,1,3,0,1,1,0,0,0,0,0,0,1,0,0,0,0,0,0,0,0,1,0,0,0,1,0,18,0,0,0,0,0,0,0,0,1,6,0,2,3,0,0,0,4,2,0,6,1,0,1,2,0,4,2,0,0,0,0
0,0,0,0,0,0,0,1,0,0,0,0,0,0,0,0,1,0,0,0,0,0,1,0,0,0,0,0,1,0,0,0,0,0,0,0,0,0,0,0,1,0,0,0,0,1,0,1,0,0,0,0,0,0,0,2,0,0,0,0,0,0,0,0,0,0,0,0,0,0,0,0,0,0,0,0,0,0,0,0,0,0,0,0,0,0,0,0,0,0,2,0,0,0,0,0,0,0,1,0,0,0,0,0,2,0,0,0,0,1,0,1,0,0,0,0,0,0,0,0,0
34,14,3,0,5,7,8,20,2,2,39,39,11,1,5,4,9,6,20,0,2,45,2,7,2,4,5,2,0,0,37,0,6,4,2,7,0,3,2,0,11,13,7,6,0,4,1,1,1,17,1,1,1,0,0,44,5,0,3,1,1,0,3,2,55,4,3,1,0,1,2,3,0,0,9,4,0,0,0,0,1,0,0,5,4,0,1,1,0,0,0,120,0,19,0,2,0,2,31,28,8,15,21,5,4,4,9,4,0,66,12,1,11,2,0,5,4,0,2,0,9
1,1,0,0,3,2,1,0,3,7,3,1,0,0,0,1,3,1,1,0,0,0,1,0,0,0,0,3,1,0,1,0,0,0,0,4,2,1,0,0,1,1,1,1,0,1,1,0,0,0,3,0,0,0,1,2,1,1,0,0,0,0,0,8,2,0,0,2,0,1,0,1,2,1,0,0,0,0,0,0,0,0,0,0,0,0,0,0,0,0,0,0,14,0,0,0,0,0,0,5,1,1,0,1,1,0,1,0,0,1,5,0,0,5,2,0,0,0,0,1,2
15,11,1,0,0,0,0,1,0,0,17,4,1,0,0,1,0,1,1,0,0,0,1,7,1,0,0,0,0,0,7,0,0,1,1,0,1,0,0,0,2,0,0,0,0,0,0,0,0,1,0,0,0,0,1,1,0,0,0,1,0,0,1,0,4,1,0,0,0,1,0,1,0,1,6,0,0,0,0,0,0,0,0,2,2,0,1,0,0,0,0,19,0,24,0,0,0,0,12,2,1,7,0,0,1,0,0,0,0,17,6,0,0,1,0,3,0,0,1,0,0
5,2,0,1,2,1,5,6,0,3,1,8,3,1,0,5,1,2,4,0,0,5,0,4,0,3,1,0,0,3,0,0,2,0,1,3,1,5,1,4,3,0,2,2,0,1,1,2,3,5,0,0,0,2,1,4,3,0,0,0,0,0,0,0,5,0,1,0,4,0,0,0,1,1,3,0,1,0,0,0,0,0,0,1,1,0,0,0,0,0,0,0,0,0,27,2,0,0,9,11,0,0,3,0,0,1,4,6,4,4,4,1,0,4,0,0,1,0,2,1,2
8,4,1,3,9,12,3,14,1,6,7,23,7,0,3,9,7,7,12,2,4,19,6,1,0,4,4,1,0,1,4,1,5,0,2,8,4,8,0,3,10,15,6,6,2,3,1,6,2,11,2,2,1,1,1,25,7,3,3,4,5,3,1,4,18,1,6,2,4,1,0,0,1,3,7,3,0,2,0,10,2,0,0,6,7,9,6,4,4,0,0,2,0,0,2,86,1,0,12,34,5,0,10,3,7,5,17,8,5,15,4,2,3,15,0,1,0,0,3,0,15
6,0,0,0,0,0,5,0,0,1,6,4,2,0,2,6,2,0,0,0,0,4,0,5,0,2,0,1,0,2,6,0,3,0,1,3,0,3,3,3,0,3,1,0,0,0,1,11,0,2,0,0,9,0,0,4,3,10,0,8,0,1,0,2,4,0,0,0,0,1,0,1,2,1,1,2,1,1,2,1,1,0,0,2,0,0,0,0,0,0,0,0,0,0,0,1,32,0,8,13,0,0,1,0,0,5,3,8,5,5,7,0,0,17,0,1,0,0,0,2,3
2,0,2,0,0,0,0,0,0,0,3,0,0,2,0,0,0,0,2,0,0,0,0,0,0,0,1,0,0,0,2,3,0,0,0,0,0,0,0,0,1,0,0,0,0,0,0,1,0,1,1,0,0,0,1,0,1,0,2,0,0,1,0,0,0,2,0,0,0,0,0,0,1,1,0,0,0,0,1,0,0,1,0,0,0,3,0,1,0,0,0,2,0,0,0,0,0,8,2,1,0,2,0,0,1,0,0,0,0,5,0,0,1,1,0,3,1,0,0,0,1
33,16,2,7,11,17,19,44,11,4,35,48,34,7,17,12,15,26,21,3,3,54,11,5,10,4,11,4,1,3,32,4,7,2,3,21,7,14,12,7,17,21,16,12,3,10,5,11,3,12,3,4,6,1,1,41,4,5,3,8,1,3,1,0,32,4,5,0,5,1,4,1,1,2,12,2,0,2,0,2,0,1,0,2,8,16,1,3,14,1,1,31,0,12,9,12,8,2,170,26,9,3,21,9,12,0,39,1,0,60,7,3,1,10,0,2,0,0,1,0,4
39,19,3,13,35,30,24,98,15,10,19,120,55,15,22,18,44,53,80,8,22,83,12,11,13,23,7,10,1,4,22,3,14,9,10,41,11,42,2,13,48,57,43,20,7,19,19,30,11,64,6,11,11,2,8,151,39,16,17,12,7,5,14,25,92,3,25,9,9,10,7,3,3,11,5,5,0,8,0,8,4,0,0,12,14,25,4,7,27,6,0,28,5,2,11,34,13,1,26,352,25,15,50,17,20,42,52,4,4,38,8,8,3,16,1,5,1,2,5,3,13
2,4,0,5,11,12,9,25,1,1,7,17,18,6,3,5,21,17,20,1,2,14,6,0,4,2,1,1,3,0,0,0,3,3,0,8,4,5,0,4,7,4,6,15,2,7,3,4,6,14,2,0,0,0,0,32,1,0,1,1,15,5,4,8,17,2,9,7,2,0,0,3,0,2,3,0,0,1,0,13,1,0,0,4,4,0,1,0,1,0,0,8,1,1,0,5,0,0,9,25,82,2,5,4,8,5,7,1,1,6,1,3,0,7,1,1,1,0,9,0,11
20,2,1,1,5,6,4,9,4,1,16,13,8,4,4,3,6,7,11,0,2,8,5,5,2,5,14,2,0,1,19,4,6,0,3,5,0,6,0,0,11,15,2,2,1,2,2,2,0,3,1,0,0,4,0,12,2,0,2,3,0,0,1,0,8,3,0,0,0,0,1,0,0,1,2,0,0,1,0,0,0,0,0,5,2,4,0,1,16,2,0,15,1,7,0,0,0,2,3,15,2,66,23,2,5,1,7,0,0,32,10,1,1,1,0,3,4,0,2,0,2
33,4,1,2,3,7,5,34,8,2,11,56,42,5,7,7,19,24,33,1,7,31,8,6,5,6,35,1,0,0,26,5,1,1,0,8,1,9,0,2,50,54,12,6,1,7,4,4,0,21,1,3,1,6,0,59,7,1,9,2,0,0,7,1,50,4,1,0,2,0,6,1,0,1,2,0,0,4,0,2,1,0,0,3,4,18,1,2,34,3,0,21,0,0,3,10,1,0,21,50,5,23,158,4,5,4,19,2,0,71,3,1,0,5,0,2,0,0,0,0,5
0,2,0,3,10,0,17,21,4,0,3,12,12,1,2,4,2,11,10,0,7,11,6,1,1,0,2,1,1,0,0,0,0,0,4,11,0,6,0,1,3,0,6,5,0,4,1,0,0,7,0,4,0,0,0,15,1,0,0,1,0,0,1,3,10,0,0,0,1,0,0,0,0,0,0,1,0,0,0,0,0,0,0,1,0,1,1,0,8,0,0,5,1,0,0,3,0,0,9,17,4,2,4,46,6,0,4,0,4,8,6,2,0,4,0,0,0,0,1,0,2
2,1,0,1,5,4,3,12,1,2,1,10,9,1,1,1,8,10,16,0,3,4,5,1,2,2,1,2,3,0,1,0,0,2,2,10,3,5,0,0,7,4,3,8,0,6,3,6,1,7,0,2,0,0,0,20,3,2,2,3,1,1,4,3,13,0,5,2,1,0,0,1,1,2,4,3,0,0,1,1,2,1,0,2,4,0,0,1,4,0,2,4,1,1,0,7,0,1,12,20,8,5,5,6,56,4,11,2,1,8,4,4,3,4,0,0,1,1,0,1,8
5,1,1,3,8,6,1,15,2,12,6,24,8,5,3,8,9,14,13,0,0,8,3,2,5,14,0,3,1,3,5,1,1,1,2,14,1,10,2,5,1,5,7,4,1,9,3,5,11,9,0,4,4,0,2,23,6,2,2,1,4,4,2,5,10,1,5,1,2,2,0,1,2,2,4,5,2,0,0,0,0,0,0,3,4,6,1,1,7,0,0,4,0,0,1,5,5,0,0,42,5,1,4,0,4,75,10,0,0,12,10,0,0,12,0,3,1,1,1,2,4
17,15,1,12,25,24,17,26,6,7,10,43,26,7,19,10,27,23,43,5,6,53,5,6,12,10,6,10,0,3,7,7,16,6,6,25,13,35,4,13,21,27,29,11,3,8,26,3,4,32,10,8,1,0,0,71,5,1,14,0,7,2,7,5,53,2,4,3,1,2,1,1,3,4,3,3,0,4,1,3,3,0,0,4,8,13,0,4,14,4,0,9,1,0,4,17,3,0,39,52,7,7,19,4,11,10,184,7,1,23,9,0,2,5,0,0,1,3,6,1,8
12,2,1,0,7,6,0,7,0,1,7,15,6,0,3,9,2,2,5,4,1,4,1,14,1,1,0,1,0,0,3,1,8,1,1,1,7,2,1,1,3,2,7,0,1,2,5,2,1,5,5,1,1,1,0,10,6,1,5,1,0,1,3,0,5,3,2,0,2,1,0,0,0,0,3,1,1,2,1,0,1,0,1,9,3,7,11,1,1,2,0,4,0,0,6,8,8,0,1,4,1,0,2,0,2,0,7,53,18,9,9,0,0,20,0,2,0,0,1,1,10
11,3,0,2,1,2,0,6,0,0,3,8,2,1,0,10,0,1,1,0,2,0,0,14,0,0,1,0,0,1,0,0,0,0,3,1,0,3,0,0,0,1,2,0,0,0,0,0,1,0,0,0,0,1,0,1,0,0,0,0,0,0,0,0,2,0,0,0,3,0,0,0,0,0,0,0,1,0,0,0,0,0,0,6,1,1,10,0,1,0,0,0,0,0,4,5,5,0,0,4,1,0,0,4,1,0,1,18,27,1,10,0,0,16,0,2,0,0,1,1,8
64,19,5,2,16,12,16,36,3,8,81,70,30,5,25,12,22,18,44,10,9,98,4,15,10,17,33,5,0,1,83,9,21,2,2,12,5,12,13,6,55,59,24,11,3,22,11,9,1,36,1,3,3,8,1,68,15,4,18,6,2,6,3,4,90,18,2,0,3,5,4,8,0,4,20,2,0,3,1,2,5,2,0,11,11,55,5,10,27,6,1,66,1,17,4,15,5,5,60,38,6,32,71,8,8,12,23,9,1,283,16,1,22,0,1,5,12,1,0,0,19
19,3,1,0,11,7,9,6,3,11,13,17,4,1,0,18,3,5,9,0,1,12,0,17,0,8,0,4,0,0,6,0,4,3,11,17,1,8,0,1,5,6,8,3,0,10,0,1,6,2,0,0,0,0,1,8,2,1,2,0,0,0,0,14,9,1,3,6,1,0,0,1,3,1,0,7,3,1,0,0,0,0,0,0,2,4,1,1,2,1,0,12,5,6,4,4,7,0,7,8,1,10,3,6,4,10,9,9,10,16,73,1,0,21,0,0,0,0,0,1,8
2,0,0,1,1,2,2,10,0,1,0,6,3,1,0,3,0,5,4,0,13,3,3,1,1,1,1,0,1,0,0,0,1,2,0,5,0,0,0,0,0,1,0,1,0,1,0,1,1,3,0,0,0,0,1,4,6,0,0,0,1,0,1,1,3,0,0,0,0,0,0,0,1,0,2,0,0,0,0,0,0,0,0,0,1,0,1,0,0,0,1,1,0,0,1,2,0,0,3,8,3,1,1,2,4,0,0,0,0,1,1,19,0,0,0,0,0,0,0,0,1
4,1,3,0,0,0,0,1,0,0,18,10,0,0,0,1,0,0,1,0,0,20,0,1,1,1,0,0,0,0,18,1,1,0,0,0,0,0,0,0,1,1,2,0,1,0,0,2,0,0,1,0,1,1,1,2,1,0,3,4,0,0,0,0,19,8,0,0,0,4,0,0,1,0,6,0,0,0,0,0,3,0,0,2,0,12,0,0,0,1,0,11,0,0,0,3,0,1,1,3,0,1,0,0,3,0,2,0,0,22,0,0,31,2,0,1,5,0,0,0,3
14,5,2,0,6,18,8,20,3,19,10,15,3,1,5,21,5,1,19,0,1,8,0,16,2,6,1,4,0,0,4,1,4,0,2,15,4,7,5,0,3,3,5,2,2,5,4,9,5,8,1,5,10,0,3,11,9,10,2,9,5,1,3,11,10,1,1,3,1,2,2,1,3,3,10,3,1,1,0,14,0,0,1,14,3,4,11,2,2,2,0,2,5,1,4,15,17,1,10,16,7,1,5,4,4,12,5,20,16,0,21,0,2,98,1,9,0,0,2,1,29
1,0,0,0,0,0,0,1,1,0,0,0,0,0,0,0,0,0,1,0,0,1,0,0,0,0,0,0,1,0,0,0,0,0,0,1,3,0,0,0,0,0,1,1,0,0,1,0,0,0,2,0,0,0,1,0,0,0,1,0,0,0,0,0,1,0,0,0,0,1,1,0,0,1,0,0,0,0,0,0,0,0,0,0,0,1,0,0,0,0,0,0,2,0,0,0,0,0,0,1,1,0,0,0,0,0,0,0,0,1,0,0,0,1,4,0,0,0,0,0,0
3,7,2,1,2,2,9,3,0,0,12,4,2,4,4,0,0,1,4,0,1,4,0,0,0,2,0,0,0,0,5,2,3,3,1,8,1,1,5,1,4,3,3,0,1,5,1,4,1,4,3,6,1,1,1,3,2,0,1,0,1,2,1,0,4,1,1,0,0,1,0,1,2,1,4,0,0,0,0,0,0,0,0,5,5,5,3,1,1,4,0,5,0,3,0,1,1,3,2,5,1,3,2,0,0,3,0,2,2,5,0,0,1,9,0,34,1,0,2,0,3
1,0,2,0,0,0,1,1,0,0,9,3,1,0,0,2,2,0,2,0,0,4,0,0,1,0,1,1,0,0,11,0,4,0,0,1,0,0,0,0,3,2,0,0,0,1,0,2,0,1,0,0,0,0,1,1,1,0,0,4,1,0,0,0,1,1,0,0,0,4,0,0,0,1,0,0,0,0,0,0,0,1,0,6,1,6,1,0,2,2,0,4,0,0,1,0,0,1,0,1,1,4,0,0,1,1,1,0,0,12,0,0,5,0,0,1,18,0,1,0,2
0,0,0,0,1,1,0,1,0,1,1,1,0,0,0,1,0,1,1,0,0,0,0,2,1,0,0,0,0,0,0,0,0,0,0,1,0,1,0,0,0,0,0,1,0,1,1,1,0,1,1,1,0,0,0,3,0,1,0,0,1,0,1,0,2,0,0,0,0,0,0,0,0,1,1,0,0,0,0,1,0,0,0,0,0,1,1,0,0,0,0,0,0,0,0,0,0,0,0,2,0,0,0,0,1,1,3,0,0,1,0,0,0,0,0,0,0,6,0,0,0
1,2,1,0,5,0,0,2,1,0,3,1,1,5,2,3,2,1,1,0,1,2,2,0,0,1,2,1,0,2,1,0,4,0,1,2,1,2,1,2,3,1,1,0,2,2,1,0,1,3,1,1,0,0,0,6,1,0,1,0,8,4,0,1,2,2,1,1,2,1,0,1,1,1,1,1,0,1,0,6,2,0,0,2,2,1,2,0,0,0,0,2,0,1,2,3,0,0,1,5,9,2,0,1,0,1,6,1,1,0,0,0,0,2,0,2,1,0,24,1,4
2,1,0,0,0,0,0,0,0,1,0,3,0,0,0,0,0,0,0,0,0,0,0,0,0,2,0,1,0,3,0,0,1,0,0,2,0,1,0,0,0,0,0,0,0,0,0,0,0,0,0,0,0,0,0,0,0,0,0,0,0,0,0,1,0,0,0,1,0,0,0,1,3,0,0,0,0,0,0,0,0,0,0,1,0,0,1,0,0,0,0,0,1,0,1,0,2,0,0,3,0,0,0,0,1,2,1,1,1,0,1,0,0,1,0,0,0,0,1,6,1
8,3,0,1,13,22,9,23,0,14,14,24,6,1,3,18,9,5,26,1,2,25,1,5,1,11,1,5,0,0,10,2,1,3,0,17,1,5,1,1,10,5,9,1,2,3,4,6,4,14,0,3,2,0,0,22,4,1,6,1,11,2,1,8,15,2,2,4,1,1,0,5,0,3,8,1,2,2,1,20,2,1,0,13,10,10,8,0,1,0,0,9,2,0,2,15,3,1,4,13,11,2,5,2,8,4,8,10,8,19,8,1,3,29,0,3,2,0,4,1,100
